{
  "version": {
    "major": 1,
    "minor": 0
  },
  "main_interface": {
    "floating_window": {
      "is_enable": false
    },
    "speaker": {
      "is_enable_tts": false,
      "is_enable_voice": false
    },
    "widget_list": [
      {
        "widget_index": 0,
        "widget_type": "button",
        "widget_name": "Button",
        "icon_file_set": {
          "icon_file_name_selected": "icon_button1.png",
          "icon_file_name_unselected": "icon_button1.png"
        },
        "customize_rc_buttons_config": {
          "is_enable": true,
          "mapping_config_display_order": 0
        }
      },
      {
        "widget_index": 1,
        "widget_type": "list",
        "widget_name": "List",
        "list_item": [
          {
            "item_name": "Item_1",
            "icon_file_set": {
              "icon_file_name_selected": "icon_list_item1.png",
              "icon_file_name_unselected": "icon_list_item1.png"
            }
          },
          {
            "item_name": "Item_2",
            "icon_file_set": {
              "icon_file_name_selected": "icon_list_item2.png",
              "icon_file_name_unselected": "icon_list_item2.png"
            }
          }
        ],
        "customize_rc_buttons_config": {
          "is_enable": true,
          "mapping_config_display_order": 1
        }
      },
      {
        "widget_index": 2,
        "widget_type": "switch",
        "widget_name": "Switch",
        "icon_file_set": {
          "icon_file_name_selected": "icon_switch_select.png",
          "icon_file_name_unselected": "icon_switch_unselect.png"
        },
        "customize_rc_buttons_config": {
          "is_enable": true,
          "mapping_config_display_order": 2
        }
      },
      {
        "widget_index": 3,
        "widget_type": "scale",
        "widget_name": "Scale",
        "icon_file_set": {
          "icon_file_name_selected": "icon_scale.png",
          "icon_file_name_unselected": "icon_scale.png"
        },
        "customize_rc_buttons_config": {
          "is_enable": true,
          "mapping_config_display_order": 3,
          "button_value_step_length": 5
        }
      }
    ]
  },
  "config_interface": {
    "text_input_box": {
      "widget_name": "TextInputBox",
      "placeholder_text": "Please input message",
      "is_enable": true
    },
    "widget_list": [
      {
        "widget_index": 4,
        "widget_type": "button",
        "widget_name": "Button 4",
        "customize_rc_buttons_config": {
          "is_enable": true,
          "mapping_config_display_order": 4
        }
      },
      {
        "widget_index": 5,
        "widget_type": "scale",
        "widget_name": "Scale 5",
        "customize_rc_buttons_config": {
          "is_enable": true,
          "mapping_config_display_order": 5,
          "button_value_step_length": 5
        }
      },
      {
        "widget_index": 6,
        "widget_type": "int_input_box",
        "widget_name": "Integer Input Box 6",
        "int_input_box_hint": "unit:s"
      },
      {
        "widget_index": 7,
        "widget_type": "switch",
        "widget_name": "Switch 7",
        "customize_rc_buttons_config": {
          "is_enable": true,
          "mapping_config_display_order": 7
        }
      },
      {
        "widget_index": 8,
        "widget_type": "list",
        "widget_name": "List 8",
        "list_item": [
          {
            "item_name": "Item 1"
          },
          {
            "item_name": "Item 2"
          },
          {
            "item_name": "Item 3"
          },
          {
            "item_name": "Item 4"
          }
        ],
        "customize_rc_buttons_config": {
          "is_enable": true,
          "mapping_config_display_order": 8
        }
      }
    ]
  }
}
